,Mutation,gene,RefAminoAcid,AltAminoAcid,PosAminoAcid,PosNucleotide,CodonPosition
0,T21I,3CLpro,T,I,21,10118,0
1,T25A,3CLpro,T,A,25,10130,0
2,T25N,3CLpro,T,N,25,10130,0
3,T45I,3CLpro,T,I,45,10190,0
4,D48Y,3CLpro,D,Y,48,10199,0
5,M49I,3CLpro,M,I,49,10202,0
6,M49L,3CLpro,M,L,49,10202,0
7,M49T,3CLpro,M,T,49,10202,0
8,M49del,3CLpro,M,l,49,10202,0
9,L50F,3CLpro,L,F,50,10205,0
10,G138S,3CLpro,G,S,138,10469,0
11,F140L,3CLpro,F,L,140,10475,0
12,F140S,3CLpro,F,S,140,10475,0
13,N142D,3CLpro,N,D,142,10481,0
14,N142L,3CLpro,N,L,142,10481,0
15,N142S,3CLpro,N,S,142,10481,0
16,G143S,3CLpro,G,S,143,10484,0
17,S144A,3CLpro,S,A,144,10487,0
18,S144E,3CLpro,S,E,144,10487,0
19,S144L,3CLpro,S,L,144,10487,0
20,S144P,3CLpro,S,P,144,10487,0
21,C160F,3CLpro,C,F,160,10535,0
22,M165R,3CLpro,M,R,165,10550,0
23,M165T,3CLpro,M,T,165,10550,0
24,E166A,3CLpro,E,A,166,10553,0
25,E166G,3CLpro,E,G,166,10553,0
26,E166K,3CLpro,E,K,166,10553,0
27,E166Q,3CLpro,E,Q,166,10553,0
28,E166V,3CLpro,E,V,166,10553,0
29,L167F,3CLpro,L,F,167,10556,0
30,P168del,3CLpro,P,l,168,10559,0
31,T169I,3CLpro,T,I,169,10562,0
32,H172L,3CLpro,H,L,172,10571,0
33,H172N,3CLpro,H,N,172,10571,0
34,H172Q,3CLpro,H,Q,172,10571,0
35,H172Y,3CLpro,H,Y,172,10571,0
36,A173T,3CLpro,A,T,173,10574,0
37,A173V,3CLpro,A,V,173,10574,0
38,V186A,3CLpro,V,A,186,10613,0
39,R188G,3CLpro,R,G,188,10619,0
40,R188S,3CLpro,R,S,188,10619,0
41,Q189I,3CLpro,Q,I,189,10622,0
42,Q189K,3CLpro,Q,K,189,10622,0
43,T190I,3CLpro,T,I,190,10625,0
44,A191T,3CLpro,A,T,191,10628,0
45,A191V,3CLpro,A,V,191,10628,0
46,Q192A,3CLpro,Q,A,192,10631,0
47,Q192C,3CLpro,Q,C,192,10631,0
48,Q192D,3CLpro,Q,D,192,10631,0
49,Q192E,3CLpro,Q,E,192,10631,0
50,Q192F,3CLpro,Q,F,192,10631,0
51,Q192G,3CLpro,Q,G,192,10631,0
52,Q192H,3CLpro,Q,H,192,10631,0
53,Q192I,3CLpro,Q,I,192,10631,0
54,Q192K,3CLpro,Q,K,192,10631,0
55,Q192L,3CLpro,Q,L,192,10631,0
56,Q192N,3CLpro,Q,N,192,10631,0
57,Q192P,3CLpro,Q,P,192,10631,0
58,Q192R,3CLpro,Q,R,192,10631,0
59,Q192S,3CLpro,Q,S,192,10631,0
60,Q192T,3CLpro,Q,T,192,10631,0
61,Q192V,3CLpro,Q,V,192,10631,0
62,Q192W,3CLpro,Q,W,192,10631,0
63,Q192Y,3CLpro,Q,Y,192,10631,0
64,A193P,3CLpro,A,P,193,10634,0
65,A194S,3CLpro,A,S,194,10637,0
66,P252L,3CLpro,P,L,252,10811,0
67,V297A,3CLpro,V,A,297,10946,0
68,S301P,3CLpro,S,P,301,10958,0
69,T304I,3CLpro,T,I,304,10967,0
70,F305L,3CLpro,F,L,305,10970,0
0,P337H,Spike,P,H,337,22574,0
1,P337L,Spike,P,L,337,22574,0
2,P337R,Spike,P,R,337,22574,0
3,P337S,Spike,P,S,337,22574,0
4,P337T,Spike,P,T,337,22574,0
5,E340A,Spike,E,A,340,22583,0
6,E340D,Spike,E,D,340,22583,0
7,E340G,Spike,E,G,340,22583,0
8,E340K,Spike,E,K,340,22583,0
9,E340Q,Spike,E,Q,340,22583,0
10,E340V,Spike,E,V,340,22583,0
11,T345P,Spike,T,P,345,22598,0
12,R346G,Spike,R,G,346,22601,0
13,R346I,Spike,R,I,346,22601,0
14,R346K,Spike,R,K,346,22601,0
15,R346S,Spike,R,S,346,22601,0
16,R346T,Spike,R,T,346,22601,0
17,K356Q,Spike,K,Q,356,22631,0
18,K356T,Spike,K,T,356,22631,0
19,S371F,Spike,S,F,371,22676,0
20,S371L,Spike,S,L,371,22676,0
21,D405E,Spike,D,E,405,22778,0
22,D405N,Spike,D,N,405,22778,0
23,E406D,Spike,E,D,406,22781,0
24,K417E,Spike,K,E,417,22814,0
25,K417H,Spike,K,H,417,22814,0
26,K417I,Spike,K,I,417,22814,0
27,K417M,Spike,K,M,417,22814,0
28,K417N,Spike,K,N,417,22814,0
29,K417R,Spike,K,R,417,22814,0
30,K417S,Spike,K,S,417,22814,0
31,K417T,Spike,K,T,417,22814,0
32,D420A,Spike,D,A,420,22823,0
33,D420N,Spike,D,N,420,22823,0
34,N439K,Spike,N,K,439,22880,0
35,N440D,Spike,N,D,440,22883,0
36,N440E,Spike,N,E,440,22883,0
37,N440I,Spike,N,I,440,22883,0
38,N440K,Spike,N,K,440,22883,0
39,N440R,Spike,N,R,440,22883,0
40,N440T,Spike,N,T,440,22883,0
41,N440Y,Spike,N,Y,440,22883,0
42,S443Y,Spike,S,Y,443,22892,0
43,K444E,Spike,K,E,444,22895,0
44,K444F,Spike,K,F,444,22895,0
45,K444I,Spike,K,I,444,22895,0
46,K444L,Spike,K,L,444,22895,0
47,K444M,Spike,K,M,444,22895,0
48,K444N,Spike,K,N,444,22895,0
49,K444R,Spike,K,R,444,22895,0
50,K444T,Spike,K,T,444,22895,0
51,V445A,Spike,V,A,445,22898,0
52,V445D,Spike,V,D,445,22898,0
53,V445F,Spike,V,F,445,22898,0
54,V445I,Spike,V,I,445,22898,0
55,V445L,Spike,V,L,445,22898,0
56,G446A,Spike,G,A,446,22901,0
57,G446D,Spike,G,D,446,22901,0
58,G446I,Spike,G,I,446,22901,0
59,G446N,Spike,G,N,446,22901,0
60,G446R,Spike,G,R,446,22901,0
61,G446S,Spike,G,S,446,22901,0
62,G446T,Spike,G,T,446,22901,0
63,G446V,Spike,G,V,446,22901,0
64,G447C,Spike,G,C,447,22904,0
65,G447D,Spike,G,D,447,22904,0
66,G447F,Spike,G,F,447,22904,0
67,G447S,Spike,G,S,447,22904,0
68,G447V,Spike,G,V,447,22904,0
69,N448D,Spike,N,D,448,22907,0
70,N448K,Spike,N,K,448,22907,0
71,N448T,Spike,N,T,448,22907,0
72,N448Y,Spike,N,Y,448,22907,0
73,Y449D,Spike,Y,D,449,22910,0
74,N450D,Spike,N,D,450,22913,0
75,N450K,Spike,N,K,450,22913,0
76,L452M,Spike,L,M,452,22919,0
77,L452Q,Spike,L,Q,452,22919,0
78,L452R,Spike,L,R,452,22919,0
79,L452W,Spike,L,W,452,22919,0
80,Y453F,Spike,Y,F,453,22922,0
81,Y453H,Spike,Y,H,453,22922,0
82,L455F,Spike,L,F,455,22928,0
83,L455M,Spike,L,M,455,22928,0
84,L455S,Spike,L,S,455,22928,0
85,L455W,Spike,L,W,455,22928,0
86,F456C,Spike,F,C,456,22931,0
87,F456L,Spike,F,L,456,22931,0
88,F456V,Spike,F,V,456,22931,0
89,S459P,Spike,S,P,459,22940,0
90,N460D,Spike,N,D,460,22943,0
91,N460H,Spike,N,H,460,22943,0
92,N460I,Spike,N,I,460,22943,0
93,N460K,Spike,N,K,460,22943,0
94,N460S,Spike,N,S,460,22943,0
95,N460T,Spike,N,T,460,22943,0
96,N460Y,Spike,N,Y,460,22943,0
97,A475D,Spike,A,D,475,22988,0
98,A475V,Spike,A,V,475,22988,0
99,G476D,Spike,G,D,476,22991,0
100,G476R,Spike,G,R,476,22991,0
101,G476T,Spike,G,T,476,22991,0
102,V483A,Spike,V,A,483,23012,0
103,E484A,Spike,E,A,484,23015,0
104,E484D,Spike,E,D,484,23015,0
105,E484G,Spike,E,G,484,23015,0
106,E484K,Spike,E,K,484,23015,0
107,E484P,Spike,E,P,484,23015,0
108,E484Q,Spike,E,Q,484,23015,0
109,E484R,Spike,E,R,484,23015,0
110,E484S,Spike,E,S,484,23015,0
111,E484T,Spike,E,T,484,23015,0
112,E484V,Spike,E,V,484,23015,0
113,G485D,Spike,G,D,485,23018,0
114,G485R,Spike,G,R,485,23018,0
115,F486D,Spike,F,D,486,23021,0
116,F486I,Spike,F,I,486,23021,0
117,F486L,Spike,F,L,486,23021,0
118,F486N,Spike,F,N,486,23021,0
119,F486P,Spike,F,P,486,23021,0
120,F486S,Spike,F,S,486,23021,0
121,F486T,Spike,F,T,486,23021,0
122,F486V,Spike,F,V,486,23021,0
123,N487D,Spike,N,D,487,23024,0
124,N487H,Spike,N,H,487,23024,0
125,N487S,Spike,N,S,487,23024,0
126,Y489H,Spike,Y,H,489,23030,0
127,Y489W,Spike,Y,W,489,23030,0
128,F490G,Spike,F,G,490,23033,0
129,F490I,Spike,F,I,490,23033,0
130,F490L,Spike,F,L,490,23033,0
131,F490R,Spike,F,R,490,23033,0
132,F490S,Spike,F,S,490,23033,0
133,F490V,Spike,F,V,490,23033,0
134,F490Y,Spike,F,Y,490,23033,0
135,Q493D,Spike,Q,D,493,23042,0
136,Q493E,Spike,Q,E,493,23042,0
137,Q493H,Spike,Q,H,493,23042,0
138,Q493K,Spike,Q,K,493,23042,0
139,Q493L,Spike,Q,L,493,23042,0
140,Q493R,Spike,Q,R,493,23042,0
141,Q493V,Spike,Q,V,493,23042,0
142,S494P,Spike,S,P,494,23045,0
143,S494R,Spike,S,R,494,23045,0
144,G496S,Spike,G,S,496,23051,0
145,Q498H,Spike,Q,H,498,23057,0
146,P499H,Spike,P,H,499,23060,0
147,P499R,Spike,P,R,499,23060,0
148,P499S,Spike,P,S,499,23060,0
149,P499T,Spike,P,T,499,23060,0
150,N501T,Spike,N,T,501,23066,0
151,N501Y,Spike,N,Y,501,23066,0
152,G504C,Spike,G,C,504,23075,0
153,G504D,Spike,G,D,504,23075,0
154,G504I,Spike,G,I,504,23075,0
155,G504L,Spike,G,L,504,23075,0
156,G504N,Spike,G,N,504,23075,0
157,G504R,Spike,G,R,504,23075,0
158,G504V,Spike,G,V,504,23075,0
159,P507A,Spike,P,A,507,23084,0
160,N856K,Spike,N,K,856,24131,0
161,N969K,Spike,N,K,969,24470,0
162,E990A,Spike,E,A,990,24533,0
163,T1009I,Spike,T,I,1009,24590,0
0,V166A,RdRp,V,A,166,13966,0
1,V166L,RdRp,V,L,166,13966,0
2,N198S,RdRp,N,S,198,14062,0
3,R285C,RdRp,R,C,285,14323,0
4,A376V,RdRp,A,V,376,14596,0
5,A449V,RdRp,A,V,449,14815,0
6,F480L,RdRp,F,L,480,14908,0
7,D484Y,RdRp,D,Y,484,14920,0
8,A526V,RdRp,A,V,526,15046,0
9,V557L,RdRp,V,L,557,15139,0
10,G671S,RdRp,G,S,671,15481,0
11,S759A,RdRp,S,A,759,15745,0
12,V792I,RdRp,V,I,792,15844,0
13,E796G,RdRp,E,G,796,15856,0
14,C799F,RdRp,C,F,799,15865,0
15,C799R,RdRp,C,R,799,15865,0
16,E802A,RdRp,E,A,802,15874,0
17,E802D,RdRp,E,D,802,15874,0
18,M924R,RdRp,M,R,924,16240,0
0,T21I,3CLpro,T,I,21,10119,1
1,T25A,3CLpro,T,A,25,10131,1
2,T25N,3CLpro,T,N,25,10131,1
3,T45I,3CLpro,T,I,45,10191,1
4,D48Y,3CLpro,D,Y,48,10200,1
5,M49I,3CLpro,M,I,49,10203,1
6,M49L,3CLpro,M,L,49,10203,1
7,M49T,3CLpro,M,T,49,10203,1
8,M49del,3CLpro,M,l,49,10203,1
9,L50F,3CLpro,L,F,50,10206,1
10,G138S,3CLpro,G,S,138,10470,1
11,F140L,3CLpro,F,L,140,10476,1
12,F140S,3CLpro,F,S,140,10476,1
13,N142D,3CLpro,N,D,142,10482,1
14,N142L,3CLpro,N,L,142,10482,1
15,N142S,3CLpro,N,S,142,10482,1
16,G143S,3CLpro,G,S,143,10485,1
17,S144A,3CLpro,S,A,144,10488,1
18,S144E,3CLpro,S,E,144,10488,1
19,S144L,3CLpro,S,L,144,10488,1
20,S144P,3CLpro,S,P,144,10488,1
21,C160F,3CLpro,C,F,160,10536,1
22,M165R,3CLpro,M,R,165,10551,1
23,M165T,3CLpro,M,T,165,10551,1
24,E166A,3CLpro,E,A,166,10554,1
25,E166G,3CLpro,E,G,166,10554,1
26,E166K,3CLpro,E,K,166,10554,1
27,E166Q,3CLpro,E,Q,166,10554,1
28,E166V,3CLpro,E,V,166,10554,1
29,L167F,3CLpro,L,F,167,10557,1
30,P168del,3CLpro,P,l,168,10560,1
31,T169I,3CLpro,T,I,169,10563,1
32,H172L,3CLpro,H,L,172,10572,1
33,H172N,3CLpro,H,N,172,10572,1
34,H172Q,3CLpro,H,Q,172,10572,1
35,H172Y,3CLpro,H,Y,172,10572,1
36,A173T,3CLpro,A,T,173,10575,1
37,A173V,3CLpro,A,V,173,10575,1
38,V186A,3CLpro,V,A,186,10614,1
39,R188G,3CLpro,R,G,188,10620,1
40,R188S,3CLpro,R,S,188,10620,1
41,Q189I,3CLpro,Q,I,189,10623,1
42,Q189K,3CLpro,Q,K,189,10623,1
43,T190I,3CLpro,T,I,190,10626,1
44,A191T,3CLpro,A,T,191,10629,1
45,A191V,3CLpro,A,V,191,10629,1
46,Q192A,3CLpro,Q,A,192,10632,1
47,Q192C,3CLpro,Q,C,192,10632,1
48,Q192D,3CLpro,Q,D,192,10632,1
49,Q192E,3CLpro,Q,E,192,10632,1
50,Q192F,3CLpro,Q,F,192,10632,1
51,Q192G,3CLpro,Q,G,192,10632,1
52,Q192H,3CLpro,Q,H,192,10632,1
53,Q192I,3CLpro,Q,I,192,10632,1
54,Q192K,3CLpro,Q,K,192,10632,1
55,Q192L,3CLpro,Q,L,192,10632,1
56,Q192N,3CLpro,Q,N,192,10632,1
57,Q192P,3CLpro,Q,P,192,10632,1
58,Q192R,3CLpro,Q,R,192,10632,1
59,Q192S,3CLpro,Q,S,192,10632,1
60,Q192T,3CLpro,Q,T,192,10632,1
61,Q192V,3CLpro,Q,V,192,10632,1
62,Q192W,3CLpro,Q,W,192,10632,1
63,Q192Y,3CLpro,Q,Y,192,10632,1
64,A193P,3CLpro,A,P,193,10635,1
65,A194S,3CLpro,A,S,194,10638,1
66,P252L,3CLpro,P,L,252,10812,1
67,V297A,3CLpro,V,A,297,10947,1
68,S301P,3CLpro,S,P,301,10959,1
69,T304I,3CLpro,T,I,304,10968,1
70,F305L,3CLpro,F,L,305,10971,1
0,P337H,Spike,P,H,337,22575,1
1,P337L,Spike,P,L,337,22575,1
2,P337R,Spike,P,R,337,22575,1
3,P337S,Spike,P,S,337,22575,1
4,P337T,Spike,P,T,337,22575,1
5,E340A,Spike,E,A,340,22584,1
6,E340D,Spike,E,D,340,22584,1
7,E340G,Spike,E,G,340,22584,1
8,E340K,Spike,E,K,340,22584,1
9,E340Q,Spike,E,Q,340,22584,1
10,E340V,Spike,E,V,340,22584,1
11,T345P,Spike,T,P,345,22599,1
12,R346G,Spike,R,G,346,22602,1
13,R346I,Spike,R,I,346,22602,1
14,R346K,Spike,R,K,346,22602,1
15,R346S,Spike,R,S,346,22602,1
16,R346T,Spike,R,T,346,22602,1
17,K356Q,Spike,K,Q,356,22632,1
18,K356T,Spike,K,T,356,22632,1
19,S371F,Spike,S,F,371,22677,1
20,S371L,Spike,S,L,371,22677,1
21,D405E,Spike,D,E,405,22779,1
22,D405N,Spike,D,N,405,22779,1
23,E406D,Spike,E,D,406,22782,1
24,K417E,Spike,K,E,417,22815,1
25,K417H,Spike,K,H,417,22815,1
26,K417I,Spike,K,I,417,22815,1
27,K417M,Spike,K,M,417,22815,1
28,K417N,Spike,K,N,417,22815,1
29,K417R,Spike,K,R,417,22815,1
30,K417S,Spike,K,S,417,22815,1
31,K417T,Spike,K,T,417,22815,1
32,D420A,Spike,D,A,420,22824,1
33,D420N,Spike,D,N,420,22824,1
34,N439K,Spike,N,K,439,22881,1
35,N440D,Spike,N,D,440,22884,1
36,N440E,Spike,N,E,440,22884,1
37,N440I,Spike,N,I,440,22884,1
38,N440K,Spike,N,K,440,22884,1
39,N440R,Spike,N,R,440,22884,1
40,N440T,Spike,N,T,440,22884,1
41,N440Y,Spike,N,Y,440,22884,1
42,S443Y,Spike,S,Y,443,22893,1
43,K444E,Spike,K,E,444,22896,1
44,K444F,Spike,K,F,444,22896,1
45,K444I,Spike,K,I,444,22896,1
46,K444L,Spike,K,L,444,22896,1
47,K444M,Spike,K,M,444,22896,1
48,K444N,Spike,K,N,444,22896,1
49,K444R,Spike,K,R,444,22896,1
50,K444T,Spike,K,T,444,22896,1
51,V445A,Spike,V,A,445,22899,1
52,V445D,Spike,V,D,445,22899,1
53,V445F,Spike,V,F,445,22899,1
54,V445I,Spike,V,I,445,22899,1
55,V445L,Spike,V,L,445,22899,1
56,G446A,Spike,G,A,446,22902,1
57,G446D,Spike,G,D,446,22902,1
58,G446I,Spike,G,I,446,22902,1
59,G446N,Spike,G,N,446,22902,1
60,G446R,Spike,G,R,446,22902,1
61,G446S,Spike,G,S,446,22902,1
62,G446T,Spike,G,T,446,22902,1
63,G446V,Spike,G,V,446,22902,1
64,G447C,Spike,G,C,447,22905,1
65,G447D,Spike,G,D,447,22905,1
66,G447F,Spike,G,F,447,22905,1
67,G447S,Spike,G,S,447,22905,1
68,G447V,Spike,G,V,447,22905,1
69,N448D,Spike,N,D,448,22908,1
70,N448K,Spike,N,K,448,22908,1
71,N448T,Spike,N,T,448,22908,1
72,N448Y,Spike,N,Y,448,22908,1
73,Y449D,Spike,Y,D,449,22911,1
74,N450D,Spike,N,D,450,22914,1
75,N450K,Spike,N,K,450,22914,1
76,L452M,Spike,L,M,452,22920,1
77,L452Q,Spike,L,Q,452,22920,1
78,L452R,Spike,L,R,452,22920,1
79,L452W,Spike,L,W,452,22920,1
80,Y453F,Spike,Y,F,453,22923,1
81,Y453H,Spike,Y,H,453,22923,1
82,L455F,Spike,L,F,455,22929,1
83,L455M,Spike,L,M,455,22929,1
84,L455S,Spike,L,S,455,22929,1
85,L455W,Spike,L,W,455,22929,1
86,F456C,Spike,F,C,456,22932,1
87,F456L,Spike,F,L,456,22932,1
88,F456V,Spike,F,V,456,22932,1
89,S459P,Spike,S,P,459,22941,1
90,N460D,Spike,N,D,460,22944,1
91,N460H,Spike,N,H,460,22944,1
92,N460I,Spike,N,I,460,22944,1
93,N460K,Spike,N,K,460,22944,1
94,N460S,Spike,N,S,460,22944,1
95,N460T,Spike,N,T,460,22944,1
96,N460Y,Spike,N,Y,460,22944,1
97,A475D,Spike,A,D,475,22989,1
98,A475V,Spike,A,V,475,22989,1
99,G476D,Spike,G,D,476,22992,1
100,G476R,Spike,G,R,476,22992,1
101,G476T,Spike,G,T,476,22992,1
102,V483A,Spike,V,A,483,23013,1
103,E484A,Spike,E,A,484,23016,1
104,E484D,Spike,E,D,484,23016,1
105,E484G,Spike,E,G,484,23016,1
106,E484K,Spike,E,K,484,23016,1
107,E484P,Spike,E,P,484,23016,1
108,E484Q,Spike,E,Q,484,23016,1
109,E484R,Spike,E,R,484,23016,1
110,E484S,Spike,E,S,484,23016,1
111,E484T,Spike,E,T,484,23016,1
112,E484V,Spike,E,V,484,23016,1
113,G485D,Spike,G,D,485,23019,1
114,G485R,Spike,G,R,485,23019,1
115,F486D,Spike,F,D,486,23022,1
116,F486I,Spike,F,I,486,23022,1
117,F486L,Spike,F,L,486,23022,1
118,F486N,Spike,F,N,486,23022,1
119,F486P,Spike,F,P,486,23022,1
120,F486S,Spike,F,S,486,23022,1
121,F486T,Spike,F,T,486,23022,1
122,F486V,Spike,F,V,486,23022,1
123,N487D,Spike,N,D,487,23025,1
124,N487H,Spike,N,H,487,23025,1
125,N487S,Spike,N,S,487,23025,1
126,Y489H,Spike,Y,H,489,23031,1
127,Y489W,Spike,Y,W,489,23031,1
128,F490G,Spike,F,G,490,23034,1
129,F490I,Spike,F,I,490,23034,1
130,F490L,Spike,F,L,490,23034,1
131,F490R,Spike,F,R,490,23034,1
132,F490S,Spike,F,S,490,23034,1
133,F490V,Spike,F,V,490,23034,1
134,F490Y,Spike,F,Y,490,23034,1
135,Q493D,Spike,Q,D,493,23043,1
136,Q493E,Spike,Q,E,493,23043,1
137,Q493H,Spike,Q,H,493,23043,1
138,Q493K,Spike,Q,K,493,23043,1
139,Q493L,Spike,Q,L,493,23043,1
140,Q493R,Spike,Q,R,493,23043,1
141,Q493V,Spike,Q,V,493,23043,1
142,S494P,Spike,S,P,494,23046,1
143,S494R,Spike,S,R,494,23046,1
144,G496S,Spike,G,S,496,23052,1
145,Q498H,Spike,Q,H,498,23058,1
146,P499H,Spike,P,H,499,23061,1
147,P499R,Spike,P,R,499,23061,1
148,P499S,Spike,P,S,499,23061,1
149,P499T,Spike,P,T,499,23061,1
150,N501T,Spike,N,T,501,23067,1
151,N501Y,Spike,N,Y,501,23067,1
152,G504C,Spike,G,C,504,23076,1
153,G504D,Spike,G,D,504,23076,1
154,G504I,Spike,G,I,504,23076,1
155,G504L,Spike,G,L,504,23076,1
156,G504N,Spike,G,N,504,23076,1
157,G504R,Spike,G,R,504,23076,1
158,G504V,Spike,G,V,504,23076,1
159,P507A,Spike,P,A,507,23085,1
160,N856K,Spike,N,K,856,24132,1
161,N969K,Spike,N,K,969,24471,1
162,E990A,Spike,E,A,990,24534,1
163,T1009I,Spike,T,I,1009,24591,1
0,V166A,RdRp,V,A,166,13967,1
1,V166L,RdRp,V,L,166,13967,1
2,N198S,RdRp,N,S,198,14063,1
3,R285C,RdRp,R,C,285,14324,1
4,A376V,RdRp,A,V,376,14597,1
5,A449V,RdRp,A,V,449,14816,1
6,F480L,RdRp,F,L,480,14909,1
7,D484Y,RdRp,D,Y,484,14921,1
8,A526V,RdRp,A,V,526,15047,1
9,V557L,RdRp,V,L,557,15140,1
10,G671S,RdRp,G,S,671,15482,1
11,S759A,RdRp,S,A,759,15746,1
12,V792I,RdRp,V,I,792,15845,1
13,E796G,RdRp,E,G,796,15857,1
14,C799F,RdRp,C,F,799,15866,1
15,C799R,RdRp,C,R,799,15866,1
16,E802A,RdRp,E,A,802,15875,1
17,E802D,RdRp,E,D,802,15875,1
18,M924R,RdRp,M,R,924,16241,1
0,T21I,3CLpro,T,I,21,10120,2
1,T25A,3CLpro,T,A,25,10132,2
2,T25N,3CLpro,T,N,25,10132,2
3,T45I,3CLpro,T,I,45,10192,2
4,D48Y,3CLpro,D,Y,48,10201,2
5,M49I,3CLpro,M,I,49,10204,2
6,M49L,3CLpro,M,L,49,10204,2
7,M49T,3CLpro,M,T,49,10204,2
8,M49del,3CLpro,M,l,49,10204,2
9,L50F,3CLpro,L,F,50,10207,2
10,G138S,3CLpro,G,S,138,10471,2
11,F140L,3CLpro,F,L,140,10477,2
12,F140S,3CLpro,F,S,140,10477,2
13,N142D,3CLpro,N,D,142,10483,2
14,N142L,3CLpro,N,L,142,10483,2
15,N142S,3CLpro,N,S,142,10483,2
16,G143S,3CLpro,G,S,143,10486,2
17,S144A,3CLpro,S,A,144,10489,2
18,S144E,3CLpro,S,E,144,10489,2
19,S144L,3CLpro,S,L,144,10489,2
20,S144P,3CLpro,S,P,144,10489,2
21,C160F,3CLpro,C,F,160,10537,2
22,M165R,3CLpro,M,R,165,10552,2
23,M165T,3CLpro,M,T,165,10552,2
24,E166A,3CLpro,E,A,166,10555,2
25,E166G,3CLpro,E,G,166,10555,2
26,E166K,3CLpro,E,K,166,10555,2
27,E166Q,3CLpro,E,Q,166,10555,2
28,E166V,3CLpro,E,V,166,10555,2
29,L167F,3CLpro,L,F,167,10558,2
30,P168del,3CLpro,P,l,168,10561,2
31,T169I,3CLpro,T,I,169,10564,2
32,H172L,3CLpro,H,L,172,10573,2
33,H172N,3CLpro,H,N,172,10573,2
34,H172Q,3CLpro,H,Q,172,10573,2
35,H172Y,3CLpro,H,Y,172,10573,2
36,A173T,3CLpro,A,T,173,10576,2
37,A173V,3CLpro,A,V,173,10576,2
38,V186A,3CLpro,V,A,186,10615,2
39,R188G,3CLpro,R,G,188,10621,2
40,R188S,3CLpro,R,S,188,10621,2
41,Q189I,3CLpro,Q,I,189,10624,2
42,Q189K,3CLpro,Q,K,189,10624,2
43,T190I,3CLpro,T,I,190,10627,2
44,A191T,3CLpro,A,T,191,10630,2
45,A191V,3CLpro,A,V,191,10630,2
46,Q192A,3CLpro,Q,A,192,10633,2
47,Q192C,3CLpro,Q,C,192,10633,2
48,Q192D,3CLpro,Q,D,192,10633,2
49,Q192E,3CLpro,Q,E,192,10633,2
50,Q192F,3CLpro,Q,F,192,10633,2
51,Q192G,3CLpro,Q,G,192,10633,2
52,Q192H,3CLpro,Q,H,192,10633,2
53,Q192I,3CLpro,Q,I,192,10633,2
54,Q192K,3CLpro,Q,K,192,10633,2
55,Q192L,3CLpro,Q,L,192,10633,2
56,Q192N,3CLpro,Q,N,192,10633,2
57,Q192P,3CLpro,Q,P,192,10633,2
58,Q192R,3CLpro,Q,R,192,10633,2
59,Q192S,3CLpro,Q,S,192,10633,2
60,Q192T,3CLpro,Q,T,192,10633,2
61,Q192V,3CLpro,Q,V,192,10633,2
62,Q192W,3CLpro,Q,W,192,10633,2
63,Q192Y,3CLpro,Q,Y,192,10633,2
64,A193P,3CLpro,A,P,193,10636,2
65,A194S,3CLpro,A,S,194,10639,2
66,P252L,3CLpro,P,L,252,10813,2
67,V297A,3CLpro,V,A,297,10948,2
68,S301P,3CLpro,S,P,301,10960,2
69,T304I,3CLpro,T,I,304,10969,2
70,F305L,3CLpro,F,L,305,10972,2
0,P337H,Spike,P,H,337,22576,2
1,P337L,Spike,P,L,337,22576,2
2,P337R,Spike,P,R,337,22576,2
3,P337S,Spike,P,S,337,22576,2
4,P337T,Spike,P,T,337,22576,2
5,E340A,Spike,E,A,340,22585,2
6,E340D,Spike,E,D,340,22585,2
7,E340G,Spike,E,G,340,22585,2
8,E340K,Spike,E,K,340,22585,2
9,E340Q,Spike,E,Q,340,22585,2
10,E340V,Spike,E,V,340,22585,2
11,T345P,Spike,T,P,345,22600,2
12,R346G,Spike,R,G,346,22603,2
13,R346I,Spike,R,I,346,22603,2
14,R346K,Spike,R,K,346,22603,2
15,R346S,Spike,R,S,346,22603,2
16,R346T,Spike,R,T,346,22603,2
17,K356Q,Spike,K,Q,356,22633,2
18,K356T,Spike,K,T,356,22633,2
19,S371F,Spike,S,F,371,22678,2
20,S371L,Spike,S,L,371,22678,2
21,D405E,Spike,D,E,405,22780,2
22,D405N,Spike,D,N,405,22780,2
23,E406D,Spike,E,D,406,22783,2
24,K417E,Spike,K,E,417,22816,2
25,K417H,Spike,K,H,417,22816,2
26,K417I,Spike,K,I,417,22816,2
27,K417M,Spike,K,M,417,22816,2
28,K417N,Spike,K,N,417,22816,2
29,K417R,Spike,K,R,417,22816,2
30,K417S,Spike,K,S,417,22816,2
31,K417T,Spike,K,T,417,22816,2
32,D420A,Spike,D,A,420,22825,2
33,D420N,Spike,D,N,420,22825,2
34,N439K,Spike,N,K,439,22882,2
35,N440D,Spike,N,D,440,22885,2
36,N440E,Spike,N,E,440,22885,2
37,N440I,Spike,N,I,440,22885,2
38,N440K,Spike,N,K,440,22885,2
39,N440R,Spike,N,R,440,22885,2
40,N440T,Spike,N,T,440,22885,2
41,N440Y,Spike,N,Y,440,22885,2
42,S443Y,Spike,S,Y,443,22894,2
43,K444E,Spike,K,E,444,22897,2
44,K444F,Spike,K,F,444,22897,2
45,K444I,Spike,K,I,444,22897,2
46,K444L,Spike,K,L,444,22897,2
47,K444M,Spike,K,M,444,22897,2
48,K444N,Spike,K,N,444,22897,2
49,K444R,Spike,K,R,444,22897,2
50,K444T,Spike,K,T,444,22897,2
51,V445A,Spike,V,A,445,22900,2
52,V445D,Spike,V,D,445,22900,2
53,V445F,Spike,V,F,445,22900,2
54,V445I,Spike,V,I,445,22900,2
55,V445L,Spike,V,L,445,22900,2
56,G446A,Spike,G,A,446,22903,2
57,G446D,Spike,G,D,446,22903,2
58,G446I,Spike,G,I,446,22903,2
59,G446N,Spike,G,N,446,22903,2
60,G446R,Spike,G,R,446,22903,2
61,G446S,Spike,G,S,446,22903,2
62,G446T,Spike,G,T,446,22903,2
63,G446V,Spike,G,V,446,22903,2
64,G447C,Spike,G,C,447,22906,2
65,G447D,Spike,G,D,447,22906,2
66,G447F,Spike,G,F,447,22906,2
67,G447S,Spike,G,S,447,22906,2
68,G447V,Spike,G,V,447,22906,2
69,N448D,Spike,N,D,448,22909,2
70,N448K,Spike,N,K,448,22909,2
71,N448T,Spike,N,T,448,22909,2
72,N448Y,Spike,N,Y,448,22909,2
73,Y449D,Spike,Y,D,449,22912,2
74,N450D,Spike,N,D,450,22915,2
75,N450K,Spike,N,K,450,22915,2
76,L452M,Spike,L,M,452,22921,2
77,L452Q,Spike,L,Q,452,22921,2
78,L452R,Spike,L,R,452,22921,2
79,L452W,Spike,L,W,452,22921,2
80,Y453F,Spike,Y,F,453,22924,2
81,Y453H,Spike,Y,H,453,22924,2
82,L455F,Spike,L,F,455,22930,2
83,L455M,Spike,L,M,455,22930,2
84,L455S,Spike,L,S,455,22930,2
85,L455W,Spike,L,W,455,22930,2
86,F456C,Spike,F,C,456,22933,2
87,F456L,Spike,F,L,456,22933,2
88,F456V,Spike,F,V,456,22933,2
89,S459P,Spike,S,P,459,22942,2
90,N460D,Spike,N,D,460,22945,2
91,N460H,Spike,N,H,460,22945,2
92,N460I,Spike,N,I,460,22945,2
93,N460K,Spike,N,K,460,22945,2
94,N460S,Spike,N,S,460,22945,2
95,N460T,Spike,N,T,460,22945,2
96,N460Y,Spike,N,Y,460,22945,2
97,A475D,Spike,A,D,475,22990,2
98,A475V,Spike,A,V,475,22990,2
99,G476D,Spike,G,D,476,22993,2
100,G476R,Spike,G,R,476,22993,2
101,G476T,Spike,G,T,476,22993,2
102,V483A,Spike,V,A,483,23014,2
103,E484A,Spike,E,A,484,23017,2
104,E484D,Spike,E,D,484,23017,2
105,E484G,Spike,E,G,484,23017,2
106,E484K,Spike,E,K,484,23017,2
107,E484P,Spike,E,P,484,23017,2
108,E484Q,Spike,E,Q,484,23017,2
109,E484R,Spike,E,R,484,23017,2
110,E484S,Spike,E,S,484,23017,2
111,E484T,Spike,E,T,484,23017,2
112,E484V,Spike,E,V,484,23017,2
113,G485D,Spike,G,D,485,23020,2
114,G485R,Spike,G,R,485,23020,2
115,F486D,Spike,F,D,486,23023,2
116,F486I,Spike,F,I,486,23023,2
117,F486L,Spike,F,L,486,23023,2
118,F486N,Spike,F,N,486,23023,2
119,F486P,Spike,F,P,486,23023,2
120,F486S,Spike,F,S,486,23023,2
121,F486T,Spike,F,T,486,23023,2
122,F486V,Spike,F,V,486,23023,2
123,N487D,Spike,N,D,487,23026,2
124,N487H,Spike,N,H,487,23026,2
125,N487S,Spike,N,S,487,23026,2
126,Y489H,Spike,Y,H,489,23032,2
127,Y489W,Spike,Y,W,489,23032,2
128,F490G,Spike,F,G,490,23035,2
129,F490I,Spike,F,I,490,23035,2
130,F490L,Spike,F,L,490,23035,2
131,F490R,Spike,F,R,490,23035,2
132,F490S,Spike,F,S,490,23035,2
133,F490V,Spike,F,V,490,23035,2
134,F490Y,Spike,F,Y,490,23035,2
135,Q493D,Spike,Q,D,493,23044,2
136,Q493E,Spike,Q,E,493,23044,2
137,Q493H,Spike,Q,H,493,23044,2
138,Q493K,Spike,Q,K,493,23044,2
139,Q493L,Spike,Q,L,493,23044,2
140,Q493R,Spike,Q,R,493,23044,2
141,Q493V,Spike,Q,V,493,23044,2
142,S494P,Spike,S,P,494,23047,2
143,S494R,Spike,S,R,494,23047,2
144,G496S,Spike,G,S,496,23053,2
145,Q498H,Spike,Q,H,498,23059,2
146,P499H,Spike,P,H,499,23062,2
147,P499R,Spike,P,R,499,23062,2
148,P499S,Spike,P,S,499,23062,2
149,P499T,Spike,P,T,499,23062,2
150,N501T,Spike,N,T,501,23068,2
151,N501Y,Spike,N,Y,501,23068,2
152,G504C,Spike,G,C,504,23077,2
153,G504D,Spike,G,D,504,23077,2
154,G504I,Spike,G,I,504,23077,2
155,G504L,Spike,G,L,504,23077,2
156,G504N,Spike,G,N,504,23077,2
157,G504R,Spike,G,R,504,23077,2
158,G504V,Spike,G,V,504,23077,2
159,P507A,Spike,P,A,507,23086,2
160,N856K,Spike,N,K,856,24133,2
161,N969K,Spike,N,K,969,24472,2
162,E990A,Spike,E,A,990,24535,2
163,T1009I,Spike,T,I,1009,24592,2
0,V166A,RdRp,V,A,166,13968,2
1,V166L,RdRp,V,L,166,13968,2
2,N198S,RdRp,N,S,198,14064,2
3,R285C,RdRp,R,C,285,14325,2
4,A376V,RdRp,A,V,376,14598,2
5,A449V,RdRp,A,V,449,14817,2
6,F480L,RdRp,F,L,480,14910,2
7,D484Y,RdRp,D,Y,484,14922,2
8,A526V,RdRp,A,V,526,15048,2
9,V557L,RdRp,V,L,557,15141,2
10,G671S,RdRp,G,S,671,15483,2
11,S759A,RdRp,S,A,759,15747,2
12,V792I,RdRp,V,I,792,15846,2
13,E796G,RdRp,E,G,796,15858,2
14,C799F,RdRp,C,F,799,15867,2
15,C799R,RdRp,C,R,799,15867,2
16,E802A,RdRp,E,A,802,15876,2
17,E802D,RdRp,E,D,802,15876,2
18,M924R,RdRp,M,R,924,16242,2
